{
  "version": "screen-grid-logreg-v1",
  "max_side": 2048,
  "patch_size": 224,
  "max_tiles": 10,
  "feature_count": 197,
  "k": 170,
  "l2": 10.0,
  "mean": [
    3.202208565473556,
    5.757054929733276,
    4.047166540145875,
    4.1116826092004795,
    3.2621240843534465,
    3.1845066828727715,
    0.03132356169633567,
    0.009994643190933857,
    4.262402470111847,
    7.37507734298706,
    5.653887560367584,
    5.852104990482331,
    4.809806838035583,
    6.805447767972947,
    0.05309362438041717,
    0.014649736741557718,
    0.5262981464339785,
    0.913584603097062,
    0.8461796586652949,
    0.9502619689473901,
    0.7753715189698639,
    1.5454879440179243,
    0.01185565342845857,
    0.0029029209820665867,
    3.1648136796951296,
    4.583263875842093,
    3.7546184891462344,
    3.624504529356955,
    3.4202736872434616,
    2.2041183304786682,
    0.005106224142932195,
    0.0012538437665481292,
    3.9536221647262573,
    5.751241698265075,
    4.901642961502075,
    4.7833171606063845,
    4.455802690982819,
    3.582621282339096,
    0.008747392224613577,
    0.00225644473801367,
    0.38831040049082605,
    0.6241846252168252,
    0.565868121096865,
    0.6083624517324249,
    0.5290067581183702,
    0.5835107108747244,
    0.001813743338865838,
    0.0005185367471442856,
    3.299059817790986,
    4.584252439737321,
    3.856116391658783,
    3.6583773263692843,
    3.4996143981218335,
    2.275281615018846,
    0.0049777762385579336,
    0.0012303607134526828,
    4.206228032112121,
    5.925951564311982,
    5.051300749778748,
    4.90010555267334,
    4.653102605342865,
    3.7787408411502836,
    0.00886974637163803,
    0.002257720179040916,
    0.4593085224905047,
    0.7292683592083401,
    0.6310284979912029,
    0.6744890106500795,
    0.591891110078818,
    0.645342232763753,
    0.0019451863984818803,
    0.000533495563307234,
    0.03175719746155664,
    0.1179975098092109,
    0.0521558495843783,
    0.02313374183140695,
    0.09168723522685468,
    0.03463467430323362,
    0.003113608186831698,
    0.012979907928965986,
    0.004604742882947903,
    0.0024780996725894512,
    0.00688543361669872,
    0.003339543153997511,
    0.0031746169948019087,
    0.01319486872293055,
    0.004855675131548196,
    0.0026160576063557527,
    0.007018609049264341,
    0.0033124855079222472,
    3.431157667591066,
    3.098476607816041,
    0.07369066703577,
    2.9327574503672493,
    0.20908689751652842,
    3.988470430471311,
    3.5184108483836747,
    0.07822913794153492,
    3.554328766184793,
    0.03683849497003573,
    3.9458081877168314,
    3.481057487102754,
    0.08724518420992299,
    3.97083725085573,
    0.11541112117369819,
    4.6436002823682,
    4.112082686535762,
    0.09724054406093341,
    5.09876649943174,
    0.06593289898746443,
    3.92784218493604,
    3.541145816136321,
    0.08594748307268837,
    4.219499497730384,
    0.06693349635369022,
    4.714432966687655,
    4.234904811865609,
    0.09961185643718479,
    5.508554144680022,
    0.031033956913236172,
    3.784970936780516,
    3.407825551647494,
    0.08351837887393922,
    3.7182900303154844,
    0.08724037336824292,
    4.598274875699709,
    4.125631752435592,
    0.09596388430193473,
    5.123152261299358,
    0.026486581534202833,
    0.4460500119626522,
    0.307856615409255,
    0.32193630561232567,
    0.376147220954299,
    0.03609151978116128,
    0.13670075092738027,
    0.10296069661590909,
    0.06680838718795608,
    0.009199685612343607,
    0.046459135305216545,
    0.025503439745268426,
    0.012447755994409303,
    0.22221985126080532,
    0.07561987994155145,
    0.22575388677418232,
    0.36299753848463295,
    0.4574846882373095,
    0.31618212305009363,
    0.33116333588957786,
    0.3845497902482748,
    0.02923862959611399,
    0.12668749232902288,
    0.09494314303182294,
    0.06112362254561252,
    0.006989260764488435,
    0.039360318711540734,
    0.0224614679861334,
    0.011691923318868487,
    0.19511767844464764,
    0.06191497075590464,
    0.23686429910361767,
    0.37234498435631397,
    0.4627112930268049,
    0.3225727938488126,
    0.34237107694149016,
    0.39461371667683126,
    0.02665062287896266,
    0.11817072776289031,
    0.08738836978151028,
    0.056523236326902475,
    0.005982529736107967,
    0.032774728067436386,
    0.01927067470975372,
    0.011982721967310055,
    0.1719563931520877,
    0.049985190094617646,
    0.25027039136737583,
    0.3805672201234847,
    0.42923256754875183,
    0.04669145114074744,
    0.5440251425953775,
    0.012147720989735527,
    0.015978113457130096,
    0.43303865560410415,
    0.027012315277084396,
    0.03141115529853852,
    0.02731999136623927,
    0.0818232786459848,
    0.320802032250911,
    0.042779140156693735,
    0.03808043112978339,
    0.14764981827698648,
    0.5367826902121305,
    10.0,
    224.0,
    2019.84,
    1509.55
  ],